{
  "cluster_purity": 0.987,
  "per_segment": {
    "эконом": {
      "segment": "эконом",
      "n": 193,
      "r2": 0.8195174298818203,
      "mse": 0.4651543648430331,
      "mae": 0.46110912963715434
    },
    "комфорт": {
      "segment": "комфорт",
      "n": 172,
      "r2": 0.7069013064908745,
      "mse": 22.416691240591227,
      "mae": 3.774800133887065
    },
    "бизнес": {
      "segment": "бизнес",
      "n": 145,
      "r2": 0.7081742679798819,
      "mse": 102.98035608750452,
      "mae": 8.078424069877189
    },
    "премиум": {
      "segment": "премиум",
      "n": 90,
      "r2": 0.6584855028519419,
      "mse": 84.65232387122265,
      "mae": 6.244078475308626
    }
  }
}